"orig.ident","nCount_RNA","nFeature_RNA","percent.mt","percent.ribo","RNA_snn_res.0.5","seurat_clusters","RNA_snn_res.0.3","RNA_snn_res.0.8","RNA_snn_res.1","RNA_snn_res.1.2","cell_barcode","UMAP_1","UMAP_2","tSNE_1","tSNE_2"
"TS19.WE",4636,1780,0,0,"0","0","0","1","1","0","TS19.WE_ATGCCGCTAGACTC.1",0.654677171367579,-1.10818170171683,1.66887130243468,-0.921866345885913
"TS19.WE",4826,2187,0,0,"1","0","0","1","1","0","TS19.WE_CTTAAAGAACCTCC.1",3.74785490717309,0.559964610519957,1.730701204448,3.44623078301681
"TS19.WE",2667,1294,0,0,"0","4","0","0","2","4","TS19.WE_GAGCAACTCTTGGA.1",0.451493043559962,-0.835074411448885,-0.865315322029761,-4.65772877289805
"TS19.WE",6906,2464,0,0,"0","3","0","0","0","3","TS19.WE_TCCTACCTTGACTG.1",0.210454244274073,1.6030337943464,-1.26177986154766,2.12869034724981
"TS19.TR",4100,1797,0,0,"1","0","0","1","1","0","TS19.TR_ACTTCTGATTCATC.1",1.90012373413461,-0.104687915858675,3.02215317122042,1.32501899779889
"TS19.TR",4940,2117,0,0,"1","0","0","1","1","0","TS19.TR_CACGACCTTTACCT.1",3.10456379141229,-0.10096596342032,4.00818433261009,2.36779993006485
"TS19.TR",2111,1268,0,0,"1","0","0","1","1","0","TS19.TR_GATTCGGAGAAGGC.1",2.45771231140512,1.1759835763603,-3.10484272617461,2.10617050374311
"TS19.TR",3041,1528,0,0,"1","0","0","1","1","0","TS19.TR_GGACTATGTTGTGG.1",1.7268741318168,0.465414298954558,1.14303423324404,1.99877755155678
"TS19.TR",3065,1564,0,0,"1","0","0","1","1","0","TS19.TR_TTGACACTCTGTTT.1",1.18898155178445,0.85719312566812,-0.0169587529482392,1.25847650852611
"TS19.HT",5661,2174,0,0,"0","2","0","0","0","2","TS19.HT_AAACATTGCATGCA.1",-2.19837139163596,-0.137571440753389,-2.11103672089764,0.430302225906162
"TS19.HT",2427,1340,0,0,"0","1","0","0","0","1","TS19.HT_AAAGACGAGTCGAT.1",-0.226061325412817,-0.49662791353171,-0.391502774628216,-1.20524993110011
"TS19.HT",3006,1437,0,0,"0","3","0","0","0","3","TS19.HT_AAAGACGATGCCAA.1",1.00681116070169,2.48994232553537,-2.157531419376,3.24299354849914
"TS19.HT",4281,1864,0,0,"0","2","0","0","0","2","TS19.HT_AAATACTGCGAGTT.1",-0.524300556522436,0.213418497028898,-3.30454672049223,0.669291552854419
"TS19.HT",4622,1947,0,0,"1","0","0","1","1","0","TS19.HT_AACCAGTGCGACTA.1",1.12582900013345,-0.09779487710898,3.13869453804101,-0.197488254771736
"TS19.HT",2356,1151,0,0,"0","3","0","0","0","3","TS19.HT_AACGGTTGGCTAAC.1",-0.583153705936498,2.29913736719186,-0.898323736801822,1.19960941033961
"TS19.HT",3131,1386,0,0,"1","0","0","1","1","0","TS19.HT_AACTCGGACTCTTA.1",1.55298163380044,0.804039312782835,0.55898863184289,2.00173958962935
"TS19.HT",3016,1550,0,0,"0","1","0","0","0","1","TS19.HT_AACTGTCTCTGTTT.1",-1.63712165866477,1.81173635858591,-2.7779331042162,0.8131113751241
"TS19.HT",4569,1935,0,0,"0","2","0","0","0","2","TS19.HT_AAGAGATGCCGAAT.1",-2.37751052890403,-0.699362503108431,-2.56808428084549,-1.06207268669954
"TS19.HT",4442,1939,0,0,"0","1","0","0","0","1","TS19.HT_AAGGCTTGCAACTG.1",-1.23376415286643,-0.81549404722159,-0.897266481580654,-0.936150422902859
"TS19.HT",6674,2755,0,0,"1","0","0","1","1","0","TS19.HT_AAGGTCACGATGAA.1",0.224336166042261,2.34741546052987,-0.159482085624685,1.34095200681134
"TS19.HT",2842,1461,0,0,"0","1","0","0","2","1","TS19.HT_AAGTAACTTCCTCG.1",-0.677289467197485,-1.24138043981497,-0.977496825903697,-1.4524734252883
"TS19.HT",2951,1429,0,0,"0","3","0","0","0","3","TS19.HT_AAGTATACGTTGAC.1",2.10836019005197,1.16183204788263,-3.02593362959013,1.92185107207632
"TS19.HT",2424,1196,0,0,"0","1","0","0","2","1","TS19.HT_AAGTCTCTTCGCTC.1",-0.153840761524267,-1.26845167737906,1.48035651821315,-1.73055107751054
"TS19.HT",2425,1193,0,0,"0","3","0","0","0","3","TS19.HT_AATAGGGAATTGGC.1",-2.16224287067039,0.980421228590559,-1.09056638841,-0.0223737541104752
"TS19.HT",7469,2200,0,0,"0","2","0","0","0","2","TS19.HT_AATCTCTGGAGCTT.1",-2.980492573124,0.191567195835661,-1.53397622403756,-0.333759577770338
"TS19.HT",6780,2518,0,0,"0","1","0","0","2","1","TS19.HT_AATCTCTGTCGCCT.1",-0.378807049137182,-2.2263746128649,1.07490437239495,-3.00260383717179
"TS19.HT",6047,2194,0,0,"0","1","0","0","0","1","TS19.HT_AATGCGTGCGTGAT.1",-0.700534801822729,0.0741970672040693,-1.50155139686095,0.465389317233991
"TS19.HT",2939,1391,0,0,"1","0","0","1","1","0","TS19.HT_AATTACGACTATTC.1",1.66527034725564,1.43247359830434,-0.192945001966337,3.75222817296198
"TS19.HT",4626,1938,0,0,"0","2","0","0","0","2","TS19.HT_ACAAGCACTGGATC.1",-1.04043911014182,-1.09676955800955,-4.26333468964294,-0.882027638394014
"TS19.HT",2567,1298,0,0,"0","3","0","0","0","3","TS19.HT_ACAATAACTACGAC.1",-0.69425581012351,1.60376943487222,-0.352283855158952,0.730470857411217
"TS19.HT",5046,2198,0,0,"0","2","0","0","0","2","TS19.HT_ACACGTGAAAGGCG.1",-0.490440349918432,1.20608387726839,-0.0109505822298717,-0.780134799209538
"TS19.HT",4307,1901,0,0,"0","1","0","0","0","1","TS19.HT_ACAGACACCTCCCA.1",-2.14663312945945,-0.59647081952994,-1.63868489350258,-1.75949041336709
"TS19.HT",3787,1726,0,0,"0","2","0","0","0","2","TS19.HT_ACAGCAACTGTAGC.1",-2.712914448124,0.0077195300489179,-2.01640751528796,-0.406987098368952
"TS19.HT",2733,1373,0,0,"1","0","0","1","1","0","TS19.HT_ACATTCTGGGTTTG.1",3.34069444622415,1.1530982537895,4.25688396008032,-0.0918603074210718
"TS19.HT",3055,1526,0,0,"0","3","0","0","0","3","TS19.HT_ACCACGCTTTTGCT.1",0.206098813671046,0.455279065552305,-3.86817210960772,-1.96060534511669
"TS19.HT",3933,1777,0,0,"0","2","0","0","0","2","TS19.HT_ACCTGAGAGGACAG.1",-0.223399143558569,0.0235937966733686,-0.697097996011775,-0.646679981003663
"TS19.HT",4406,1887,0,0,"1","0","0","1","1","0","TS19.HT_ACCTGAGATCTGGA.1",3.40782449032681,0.717159224930357,4.82076770889805,1.14323259362124
"TS19.HT",2760,1376,0,0,"0","3","0","0","0","3","TS19.HT_ACGATCGATGGTCA.1",0.0448000618399909,2.51337171930368,-2.16562692608402,3.05713347888817
"TS19.HT",2771,1452,0,0,"0","3","0","1","1","3","TS19.HT_ACGATTCTAGGAGC.1",1.29164959873574,1.54808389979894,0.252270101742694,3.44893729667616
"TS19.HT",5140,2109,0,0,"0","1","0","0","2","1","TS19.HT_ACGCCGGATGCAGT.1",-2.05408809695823,-1.69453071218436,-0.462674327165978,-2.19819211886272
"TS19.HT",3415,1685,0,0,"1","0","0","1","1","0","TS19.HT_ACGCGGTGCTATGG.1",2.0019178577842,-0.396079526957918,4.05040790160642,0.629225831563184
"TS19.HT",3639,1712,0,0,"0","2","0","0","0","2","TS19.HT_ACGCGGTGTCTCCG.1",-1.49344966922385,0.345238460484099,-1.32721123535777,-0.859576780622021
"TS19.HT",3220,1552,0,0,"0","2","0","0","0","2","TS19.HT_ACGGATTGAGTGCT.1",-1.36465309177024,-0.515058504161287,-0.595839348912191,-1.18190838511306
"TS19.HT",4271,1878,0,0,"0","2","0","0","0","2","TS19.HT_ACGTCAGACGCCTT.1",-0.412825088840551,-0.144875393924166,-0.463124887562193,-0.192662493280144
"TS19.HT",5844,2337,0,0,"0","1","0","0","2","1","TS19.HT_ACGTCGCTATCTTC.1",-0.980372410160131,-2.48068665128653,0.297553201542681,-3.49517718385848
"TS19.HT",4654,1869,0,0,"0","2","0","0","0","2","TS19.HT_ACGTCGCTCCTCCA.1",-0.978147487979955,1.10303519505556,-0.819613647721666,-0.0683849512658724
"TS19.HT",3111,1439,0,0,"1","0","0","1","1","0","TS19.HT_ACGTTTACAACGAA.1",1.77889766182321,-0.63449298006003,2.38672162316083,1.02463514587973
"TS19.HT",5677,2041,0,0,"0","2","0","0","0","2","TS19.HT_ACTGGCCTAGTACC.1",-2.26087425265891,0.779834760609221,-1.4441332835746,0.0787987725498516
"TS19.HT",3713,1597,0,0,"0","3","0","0","0","3","TS19.HT_ACTGTGGAAGAACA.1",-0.589082222324438,1.46794822651441,-0.69503814699435,0.754665259409585
"TS19.HT",2424,1284,0,0,"0","3","0","0","0","3","TS19.HT_ACTTAAGAACGCTA.1",0.465036887782984,1.68885133999879,-1.51160148216222,1.65813145784214
"TS19.HT",2540,1294,0,0,"1","0","0","1","1","0","TS19.HT_ACTTGACTGACTAC.1",0.964723367351465,0.598665071907591,0.749951518193806,1.08546971189961
"TS19.HT",2749,1250,0,0,"0","2","0","0","0","2","TS19.HT_AGAAACGATTACCT.1",0.297786254543238,-0.766642557200838,1.12583275488155,-0.520110890677674
"TS19.HT",3650,1696,0,0,"1","0","0","1","1","0","TS19.HT_AGAAGATGAGCACT.1",2.36477198089974,-1.2624480591387,2.20571599425392,0.626501708093522
"TS19.HT",7745,2558,0,0,"1","0","0","1","1","0","TS19.HT_AGAATACTTAACCG.1",1.95742823566812,-1.69833873372977,2.20034738453773,-0.12024598682895
"TS19.HT",4265,1807,0,0,"0","3","0","0","0","3","TS19.HT_AGAATTTGAGCTCA.1",-1.49234531436545,-0.00893686872427546,-1.90413173792754,0.467090867686042
"TS19.HT",4113,1847,0,0,"0","2","0","0","0","2","TS19.HT_AGACCTGATATTCC.1",-2.04829071078879,1.67778424758012,-0.275092318791423,-0.319114302563882
"TS19.HT",6903,2629,0,0,"0","1","0","0","2","1","TS19.HT_AGAGAAACTGAGGG.1",-0.815638523441381,-2.3911387787432,0.408340281523483,-2.80680989703247
"TS19.HT",4649,1895,0,0,"0","2","0","0","0","2","TS19.HT_AGCCTCACTCTGGA.1",-1.81409309421164,1.17027132052476,-0.67180803545564,0.497604814237247
"TS19.HT",7479,2514,0,0,"0","2","0","0","0","2","TS19.HT_AGCCTCACTGTGCA.1",-2.76665971789939,0.497508539143156,-1.4352731502181,-0.0616257411999887
"TS19.HT",4841,1891,0,0,"0","3","0","0","0","3","TS19.HT_AGCCTCTGCCTGTC.1",-1.78920171771628,2.13097454446847,-0.307133239386366,0.889260757279347
"TS19.HT",3428,1619,0,0,"0","2","0","0","0","2","TS19.HT_AGCGTAACAAACAG.1",-1.34731147800071,1.25415402490194,-0.952623093444517,-0.469455748744857
"TS19.HT",3677,1705,0,0,"1","0","0","1","1","0","TS19.HT_AGCTGAACTAGCCA.1",2.63608940328973,-0.444568024691988,3.19137643171283,1.88550070433206
"TS19.HT",4383,1944,0,0,"0","1","0","0","0","1","TS19.HT_AGGACTTGACGGGA.1",-1.85949991260154,-1.12145470243399,-1.70025064025604,-2.29842545136196
"TS19.HT",4589,1886,0,0,"0","1","0","0","0","1","TS19.HT_AGGACTTGTTTACC.1",-2.19239185367209,-1.45957373243277,-0.695960904429712,-1.28689502392673
"TS19.HT",5040,2162,0,0,"0","1","0","0","2","1","TS19.HT_AGGGAGTGACACTG.1",1.22021581615823,0.245204819622587,0.348556313869063,-1.91135533650837
"TS19.HT",4168,1866,0,0,"0","1","0","0","0","1","TS19.HT_AGGGTTTGCGATAC.1",-2.0318088344155,-0.798009859141756,-3.42973699015376,-1.2487775170336
"TS19.HT",4315,1815,0,0,"1","0","0","1","1","0","TS19.HT_AGTATCCTCCTACC.1",3.62840223136859,0.745412959042143,2.39635852382508,4.06025018557021
"TS19.HT",5486,1995,0,0,"1","0","0","1","1","0","TS19.HT_AGTCTTACGTAGCT.1",1.78848185028451,-0.892185436305452,2.09261549498245,0.619710270919246
"TS19.HT",4783,2014,0,0,"0","2","0","0","0","2","TS19.HT_AGTGACACATGCTG.1",-0.900979976993627,0.173476947727751,0.393327742933021,0.334926949841458
"TS19.HT",3074,1422,0,0,"0","3","0","0","0","3","TS19.HT_AGTGACACGCCATA.1",1.03524758304971,1.63020391601617,3.7363638234687,-2.11339090562108
"TS19.HT",4496,1991,0,0,"1","0","0","1","1","0","TS19.HT_AGTGTGACCATGGT.1",2.90920700516122,-0.178700195369173,2.81352288216942,2.41301698365088
"TS19.HT",2909,1422,0,0,"0","3","0","0","0","3","TS19.HT_AGTTGTCTCTCTTA.1",-1.47770593677146,0.832945807161879,-4.25873795749082,0.469489511268185
"TS19.HT",4275,1900,0,0,"0","1","0","0","2","1","TS19.HT_ATAACATGTTGCGA.1",-1.83693979297263,-1.83057354551261,-0.440492755413595,-1.92724062302152
"TS19.HT",7101,2773,0,0,"0","1","0","0","2","1","TS19.HT_ATAATCGACTGCAA.1",-1.55078647647483,-2.52474497419303,0.324487037943834,-2.93127310958057
"TS19.HT",4514,1853,0,0,"0","4","0","0","0","4","TS19.HT_ATAATGACCGTAGT.1",-0.778288345676489,-0.639327751216341,0.588350253999792,-0.915657401249895
"TS19.HT",3783,1762,0,0,"0","0","0","1","1","0","TS19.HT_ATAGCCGATAAGCC.1",0.543415326732569,-0.12787471872275,0.975774337958273,-0.0596574319440982
"TS19.HT",2355,1262,0,0,"0","1","0","0","0","1","TS19.HT_ATCACGGAGACTAC.1",-1.66524456058127,1.06565417188699,-3.01699990165983,-3.1966615236542
"TS19.HT",4530,2025,0,0,"0","1","0","0","0","1","TS19.HT_ATCAGGTGCAGATC.1",-2.3575153163491,-0.4202941523165,-3.29054630167439,-2.40285968075117
"TS19.HT",5566,2290,0,0,"0","2","0","0","0","2","TS19.HT_ATCATCTGGTACAC.1",-1.13908575091941,-1.23882220846121,-1.16735196852567,-2.51612222454752
"TS19.HT",4468,1979,0,0,"0","1","0","0","2","1","TS19.HT_ATCATGCTCCGTTC.1",0.386919040340357,-1.3281538353533,-2.27891052159543,-3.31961025896966
"TS19.HT",2993,1445,0,0,"0","3","0","0","0","3","TS19.HT_ATCCATACGTGTTG.1",-0.929085235935278,1.64943443078096,-0.0380153310627029,0.286057765647846
"TS19.HT",5604,2234,0,0,"1","0","0","1","1","0","TS19.HT_ATCCTAACCAGCTA.1",1.34297539677041,-1.50377749067252,1.93407636736178,-0.196209915761974
"TS19.HT",3949,1837,0,0,"1","0","0","1","1","0","TS19.HT_ATCGAGTGCCTCCA.1",1.58633686985391,1.05682520407731,-3.47941515187841,1.4200973877381
"TS19.HT",4188,1852,0,0,"1","0","0","1","1","0","TS19.HT_ATCGCAGATAAAGG.1",0.907984990734034,-0.540702091273714,1.41831276329145,0.737436802383308
"TS19.HT",2766,1322,0,0,"1","0","0","1","1","0","TS19.HT_ATCGCGCTACTACG.1",1.12677957500833,0.461040212097716,0.863387604757047,1.2541071466991
"TS19.HT",2317,1220,0,0,"0","3","0","0","0","3","TS19.HT_ATCGGAACATGTGC.1",-2.33983228717429,1.44437216061647,-1.68528032240599,0.562409214032757
"TS19.HT",4283,1892,0,0,"0","2","0","0","0","2","TS19.HT_ATCTGTTGTTCCCG.1",-2.456651192051,0.662696017208647,-1.31755492829777,-0.0527032152938619
"TS19.HT",3745,1490,0,0,"1","0","0","1","1","0","TS19.HT_ATCTTGACCACAAC.1",1.48891379322427,-0.739923225459505,1.82410074294547,0.867426664933913
"TS19.HT",4305,1721,0,0,"1","0","0","1","1","0","TS19.HT_ATGCGATGCTTCGC.1",2.31115939106362,0.284444703045439,3.23056220934227,1.61044666533984
"TS19.HT",2715,1385,0,0,"0","3","0","0","0","3","TS19.HT_ATTAACGAGAAACA.1",-0.118339281421728,0.620795442047667,0.355582039326546,0.472320506344935
"TS19.HT",3075,1568,0,0,"0","1","0","0","2","1","TS19.HT_ATTACCACGGTTAC.1",-0.855987053257055,-1.70537947278922,-0.984159580804897,-2.29573108035621
"TS19.HT",4132,1861,0,0,"0","1","0","0","0","1","TS19.HT_ATTATGGAGCTTCC.1",-1.97046325717551,0.141347183170866,0.326464339201961,-0.856624972927142
"TS19.HT",5512,2351,0,0,"0","1","0","0","0","1","TS19.HT_ATTCAAGATTGAGC.1",-2.53365991626365,-0.944012390193392,-2.12095590718851,-1.23969879221821
"TS19.HT",2449,1276,0,0,"0","3","0","0","0","3","TS19.HT_ATTCCATGTGACAC.1",-1.85836837802512,0.993799848738264,-1.10643292731801,-0.0858860675567386
"TS19.HT",4203,1815,0,0,"1","0","0","1","1","0","TS19.HT_ATTGAAACCCGTAA.1",1.66464414085763,-1.23796390157645,2.09956236969692,0.0445456798283065
"TS19.HT",2577,1352,0,0,"1","0","0","1","1","0","TS19.HT_ATTGTCTGAAACAG.1",3.47064243640321,1.10705986458356,2.4341788210864,4.18345015627443
"TS19.HT",4435,1944,0,0,"0","2","0","0","0","2","TS19.HT_ATTTAGGAGCAAGG.1",-2.6162724307595,0.589606775227141,-2.48264599397582,-0.310190433766001
"TS19.HT",3086,1539,0,0,"0","2","0","0","0","2","TS19.HT_CAAGGTTGTGTGCA.1",-2.14449403796775,0.15499140161569,-3.02098313582718,0.383171565627134
"TS19.HT",4815,1909,0,0,"0","2","0","0","0","2","TS19.HT_CAATCTACCTCTCG.1",-2.04861400638206,-0.462858663615633,-2.1589623287193,-0.17916050080287
"TS19.HT",5472,2156,0,0,"0","1","0","0","2","1","TS19.HT_CAATTCTGGTTAGC.1",-2.88213155780417,-1.03576754194205,-2.77619145193154,-1.44281744600462
"TS19.HT",3355,1617,0,0,"0","1","0","1","2","1","TS19.HT_CACCGTACAAACAG.1",0.434595365184717,-1.50707958799307,2.24785635815923,-1.59980269516317
"TS19.HT",5758,2037,0,0,"0","3","0","0","0","3","TS19.HT_CACGCTACGCCATA.1",-0.276489715915746,1.70060182947214,-1.24550841414394,0.74190205246896
"TS19.HT",4051,1868,0,0,"1","0","0","1","1","0","TS19.HT_CAGACAACTTGCGA.1",3.01506688084023,0.995123816910338,1.58708185053657,3.19499320227773
"TS19.HT",3198,1409,0,0,"0","3","0","0","0","3","TS19.HT_CAGCGGACGGGATG.1",0.919662732738428,2.65836109060342,-1.61281658388563,2.64002939283261
"TS19.HT",8529,2985,0,0,"0","1","0","1","2","1","TS19.HT_CAGGAACTCCGCTT.1",-0.429961662632055,-2.63588594060843,1.60865399863598,-2.66489543167109
"TS19.HT",5301,2013,0,0,"0","2","0","0","0","2","TS19.HT_CAGGCCGATCAAGC.1",-2.62951038394553,0.188890470448088,-1.39177264417025,-0.0100045403411336
"TS19.HT",2375,1238,0,0,"1","0","0","1","1","0","TS19.HT_CAGGCCGATCCCAC.1",1.41618205990212,1.71093566555078,-0.265330756678183,3.91188483693893
"TS19.HT",2714,1390,0,0,"0","2","0","0","0","2","TS19.HT_CAGGTAACAAACAG.1",-1.25419233356101,1.25513040113742,-2.06448014310483,1.31852251707522
"TS19.HT",7559,2455,0,0,"1","0","0","1","1","0","TS19.HT_CATATAGATCAGGT.1",2.11563648666757,-1.62153934102957,2.19209586237792,0.245792969938579
"TS19.HT",7540,2719,0,0,"0","1","0","0","2","1","TS19.HT_CATCGGCTCCACCT.1",-1.48370359454734,-2.23970459562247,0.287976084826006,-2.75545744323325
"TS19.HT",4456,2005,0,0,"0","1","0","0","2","1","TS19.HT_CATCTCCTGGCAAG.1",-1.18436334643943,-1.69649218183463,-1.3460074712183,-3.43888364607144
"TS19.HT",5116,1958,0,0,"0","1","0","0","2","1","TS19.HT_CATGGCCTTTAGGC.1",-1.24089000735862,-1.85963152509635,0.190543254609702,-1.80654908574973
"TS19.HT",2306,1223,0,0,"1","0","0","1","1","0","TS19.HT_CATGTTACCATGAC.1",1.34360887493508,1.59720294016893,0.00417261562913791,3.64222664810852
"TS19.HT",3300,1568,0,0,"0","3","0","0","0","3","TS19.HT_CATTACACGACGAG.1",0.395527143138819,2.24586482185419,-0.381049377947776,1.74775012302628
"TS19.HT",3907,1936,0,0,"1","0","0","1","1","0","TS19.HT_CATTCCCTCTGAAC.1",2.72688855614083,0.807891560974669,3.49423793020826,-1.24023114176902
"TS19.HT",5832,2154,0,0,"0","3","0","1","1","3","TS19.HT_CCAAGATGGTCTGA.1",1.08168651546853,2.30079211134012,-2.10488583770949,3.4071208037704
"TS19.HT",4218,1756,0,0,"0","2","0","0","0","2","TS19.HT_CCAAGATGTATCTC.1",-1.95519636188132,0.768647684040617,-2.18968652478578,0.250073350421292
"TS19.HT",5792,2475,0,0,"1","0","0","1","1","0","TS19.HT_CCAAGTGATTCTCA.1",0.707211990016871,1.19860634047086,-3.9078822677831,2.30524634645615
"TS19.HT",2473,1447,0,0,"1","1","0","1","2","1","TS19.HT_CCAATGGAACTCTT.1",-0.201193075519628,-2.10632966619437,0.38859287921041,-4.32942771212155
"TS19.HT",3509,1682,0,0,"0","1","0","0","0","1","TS19.HT_CCAGATGATCAGTG.1",-0.0248443893013666,0.709693206730436,-1.54760563312591,1.98831635551425
"TS19.HT",3658,1526,0,0,"0","3","0","0","0","3","TS19.HT_CCATGCTGAGCTCA.1",-0.777010422092504,2.19814725059564,-1.14595475432975,0.933591619631495
"TS19.HT",3352,1597,0,0,"0","1","0","0","0","1","TS19.HT_CCATGCTGTTTCGT.1",-1.81478117023093,0.256573809567045,-3.48557353134582,-0.77818658703238
"TS19.HT",4533,1855,0,0,"1","0","0","1","1","0","TS19.HT_CCCACATGTTTGCT.1",2.61957253898995,0.102861417713713,2.28074435834766,2.27524097169233
"TS19.HT",3311,1465,0,0,"0","2","0","0","0","2","TS19.HT_CCCAGACTATTCCT.1",-2.1263813785134,1.35449507299359,-0.764031010780562,0.394796610606105
"TS19.HT",3538,1526,0,0,"0","3","0","0","0","3","TS19.HT_CCCTACGAGACACT.1",0.0229666420401862,1.07248124319608,0.189041339164016,1.06250567040701
"TS19.HT",6257,2604,0,0,"1","0","0","1","1","0","TS19.HT_CCGAAAACGATACC.1",2.94470365728753,1.20117934632595,0.486081807308971,1.91438649492525
"TS19.HT",2418,1394,0,0,"0","2","0","0","0","2","TS19.HT_CCTAGAGATCTTAC.1",-1.11931942020041,1.42949382800157,0.108128430866663,-0.421654247677415
"TS19.HT",4854,1859,0,0,"1","0","0","1","1","0","TS19.HT_CCTATTGAAGTACC.1",2.08460678543466,-1.12285541158621,2.40437467638376,0.395118104531598
"TS19.HT",3859,1824,0,0,"0","1","0","0","2","1","TS19.HT_CCTCGAACTCCTCG.1",-1.76546094928367,-1.0372602806658,-0.317179789584219,-1.96321237124848
"TS19.HT",4609,2005,0,0,"0","1","0","0","2","1","TS19.HT_CCTCTACTGGAAGC.1",-0.691589813571996,-1.95389102559989,0.113092187449458,-3.58906948026022
"TS19.HT",3597,1596,0,0,"0","2","0","0","0","2","TS19.HT_CGAAGACTCATACG.1",-1.2874560168801,1.00607354778345,-0.182802452633953,0.219985465361872
"TS19.HT",4977,1948,0,0,"0","2","0","0","0","2","TS19.HT_CGACGTCTTGTCTT.1",-0.791229229312963,2.10107005971963,-1.27756702662585,1.13428132753684
"TS19.HT",4660,2027,0,0,"0","3","0","0","0","3","TS19.HT_CGACTCACGACAGG.1",0.602922696727686,2.22148300546701,-1.38786362179857,2.6853193667316
"TS19.HT",2634,1396,0,0,"1","0","0","1","1","0","TS19.HT_CGAGGGCTGACACT.1",2.77319105352777,-0.795198665675569,3.34042900829738,3.07805971186947
"TS19.HT",4789,2126,0,0,"0","1","0","0","2","1","TS19.HT_CGCCGAGAGCCCTT.1",-1.26487491641623,-1.17506574254935,-1.810781073844,-2.64073191007328
"TS19.HT",3341,1536,0,0,"0","3","0","0","0","3","TS19.HT_CGCCTAACTAGAAG.1",-1.24802444491965,1.85054083007867,-0.558555627350048,0.192080941843002
"TS19.HT",4522,2072,0,0,"1","0","0","1","1","0","TS19.HT_CGCGAGACGGTGGA.1",2.38253416504281,-0.659748540934969,3.06134146294044,0.774478503300611
"TS19.HT",2731,1334,0,0,"0","2","0","0","0","2","TS19.HT_CGCGATCTGTTCAG.1",-1.41038797412497,2.03241999286706,-1.03599909006679,0.485913708256112
"TS19.HT",4171,1897,0,0,"0","2","0","0","0","2","TS19.HT_CGCGATCTTGACTG.1",-0.79006240878684,0.124040616932463,-1.94379086845151,-1.27340465565487
"TS19.HT",3192,1474,0,0,"1","0","0","1","1","0","TS19.HT_CGCGGATGTCACGA.1",1.63999261345284,1.43586002874668,-0.0293331797618771,3.46609553663043
"TS19.HT",5108,2148,0,0,"0","1","0","0","2","1","TS19.HT_CGCTACACTAGACC.1",-1.67187927280051,-2.29532621961539,-0.0777432432186504,-2.62462382659812
"TS19.HT",8049,2649,0,0,"0","1","0","0","2","1","TS19.HT_CGGAATTGCTTGGA.1",-0.878564815860815,-2.07489346128409,0.231988351801758,-2.27378445991815
"TS19.HT",2586,1282,0,0,"1","0","0","1","1","0","TS19.HT_CGGACCGATGTCCC.1",2.15347613777535,-0.230378852900911,2.19168529605233,2.27507556375526
"TS19.HT",3451,1572,0,0,"1","3","0","1","1","3","TS19.HT_CGGATATGTTTGCT.1",1.20070983852761,2.29793639320428,-1.88982446032406,3.44278310634742
"TS19.HT",5830,2153,0,0,"0","2","0","0","0","2","TS19.HT_CGGCACGAGGAGCA.1",-2.84765527759177,0.959273411217283,-1.93245505858367,-0.373815897462606
"TS19.HT",3891,1723,0,0,"0","2","0","0","0","2","TS19.HT_CGGCCAGATGTCTT.1",-1.1765203288613,1.47612307805116,-0.598329236429756,-0.139779903997744
"TS19.HT",4491,2208,0,0,"1","0","0","1","1","0","TS19.HT_CGTACAGAAACAGA.1",0.920591611522608,1.65916369694765,3.15594596025416,-0.755556797514049
"TS19.HT",2469,1325,0,0,"1","0","0","1","1","0","TS19.HT_CGTACCTGCCTACC.1",3.45200895156281,0.243888272228789,2.64062649897231,2.88283896719661
"TS19.HT",2917,1309,0,0,"0","1","0","0","2","1","TS19.HT_CGTACCTGCGGAGA.1",0.316952247280054,-1.01261829000418,1.47289237017094,-1.09572292284148
"TS19.HT",5601,2023,0,0,"1","0","0","1","1","0","TS19.HT_CGTCCATGTGTGGT.1",2.15985955681222,-1.38308619123404,2.35172487024441,0.355142032772679
"TS19.HT",3306,1464,0,0,"0","2","0","0","0","2","TS19.HT_CGTGCACTTATGGC.1",-1.63683317218406,0.86369068759973,-0.592091478383656,0.201580336869643
"TS19.HT",3733,1549,0,0,"0","2","0","0","0","2","TS19.HT_CGTTAACTTGTCTT.1",-2.4444646647988,1.81535430091913,0.0975035588371876,-0.247055006922402
"TS19.HT",3530,1678,0,0,"0","3","0","0","0","3","TS19.HT_CGTTAGGAGTACAC.1",-0.622703533512182,2.06700296539361,-1.75278153095377,1.04805246142862
"TS19.HT",2371,1259,0,0,"0","1","0","0","0","1","TS19.HT_CTAACGGATTGGTG.1",-2.66090820346457,-1.15087603193228,1.5088193755316,-1.36515026753178
"TS19.HT",4818,2089,0,0,"0","1","0","0","2","1","TS19.HT_CTAAGGTGTGAGAA.1",-1.01192091022117,-2.14282106023734,0.610933996295944,-3.37882653348439
"TS19.HT",2604,1313,0,0,"0","2","0","0","0","2","TS19.HT_CTACTCCTTCCGTC.1",-1.45210741077048,-0.221073256549288,-2.67478076926784,0.760346823339493
"TS19.HT",3960,1821,0,0,"0","2","0","0","0","2","TS19.HT_CTAGTTACCTTGCC.1",-1.4054250529824,1.56062672871644,-0.00547571096428293,0.161769485031559
"TS19.HT",3239,1512,0,0,"0","1","0","0","0","1","TS19.HT_CTATAAGATCTTTG.1",-0.84951065097434,0.678210808220457,-0.368523020686385,-0.867456453415838
"TS19.HT",3813,1768,0,0,"0","1","0","0","0","1","TS19.HT_CTATACTGTTTACC.1",-0.722507934909887,-0.905103908595491,-3.20240503597583,-1.58617296314854
"TS19.HT",7484,2662,0,0,"0","1","0","0","2","1","TS19.HT_CTATCATGGTACGT.1",0.0794880577506354,-2.57190464597647,1.5853580331106,-2.3672816537562
"TS19.HT",4480,1743,0,0,"1","0","0","1","1","0","TS19.HT_CTATGTACGAACCT.1",2.34881367172616,-0.415974007663179,3.25038296186103,2.14403619673849
"TS19.HT",2414,1254,0,0,"0","3","0","1","1","3","TS19.HT_CTATTGTGTATCTC.1",1.50564004864114,1.86595357793863,0.0300424118051426,1.63360191775121
"TS19.HT",4209,1804,0,0,"0","1","0","0","0","1","TS19.HT_CTCATTGATTCTCA.1",-1.06459425006492,-1.81997226339285,-1.40301053536024,-3.40449201786056
"TS19.HT",7326,2498,0,0,"0","2","0","0","0","2","TS19.HT_CTCCACGAACCCAA.1",-2.23435686145408,0.440746022644591,-1.11214806602638,-0.0379268146611466
"TS19.HT",3715,1623,0,0,"0","2","0","0","0","2","TS19.HT_CTCGCATGAAAAGC.1",0.384837169307642,0.972399784508299,-2.41361913070665,1.80767728112593
"TS19.HT",4258,1798,0,0,"1","0","0","1","1","0","TS19.HT_CTGCAGCTTTCGCC.1",1.98700799431222,-1.43617175680106,2.18646709078207,0.364976933684877
"TS19.HT",3566,1609,0,0,"1","0","0","1","1","0","TS19.HT_CTGCCAACATGTGC.1",1.18935014690774,-0.807167039927889,2.12039667396407,1.24661914661126
"TS19.HT",3203,1400,0,0,"0","3","0","0","0","3","TS19.HT_CTGGATGACGGTAT.1",-2.63687179599387,0.676446451130461,-2.07349460790187,0.170440611839699
"TS19.HT",3709,1620,0,0,"0","2","0","0","0","2","TS19.HT_CTGGCACTTCGCCT.1",-1.50366972003562,-0.0390732155412921,-3.28280326420179,0.139632954116531
"TS19.HT",3222,1603,0,0,"0","1","0","0","0","1","TS19.HT_CTGTATACTAGAGA.1",-1.25418088946921,-0.619014845904756,-3.65476312970513,0.174034886267071
"TS19.HT",4059,1663,0,0,"0","4","0","0","0","4","TS19.HT_CTTACAACACACTG.1",0.642080087322169,-0.172228203830171,1.0052512586784,0.508575107652609
"TS19.HT",3399,1648,0,0,"0","3","0","1","1","3","TS19.HT_CTTCACCTGATGAA.1",0.881173867839747,1.32985160991098,-2.5711180922239,-2.18813314444407
"TS19.HT",5766,2527,0,0,"0","1","0","1","2","1","TS19.HT_CTTCTAGAATTCCT.1",0.380772609371119,-0.661031352099825,-3.82824815948526,0.782719496905913
"TS19.HT",5977,2123,0,0,"1","0","0","1","1","0","TS19.HT_CTTCTAGATACGCA.1",2.01050474132913,-0.699625240382601,2.67077998654061,0.789891425902907
"TS19.HT",2805,1367,0,0,"0","2","0","0","0","2","TS19.HT_CTTTCAGAAGAACA.1",-2.11642501865012,1.4691984637409,-0.289847520269442,0.403070745812964
"TS19.HT",2597,1345,0,0,"0","1","0","0","2","1","TS19.HT_CTTTGATGAGCATC.1",-2.27893016849143,0.184528244915556,-3.39297805074941,-0.21070802222348
"TS19.HT",6604,2561,0,0,"0","3","0","0","0","3","TS19.HT_GAAAGTGATGCTCC.1",0.527077932018214,2.15551121372278,-1.09314136230342,1.97683916528327
"TS19.HT",2661,1273,0,0,"1","0","0","1","1","0","TS19.HT_GAACACACCCCTCA.1",2.023742217678,0.714986754837584,0.684462653256505,2.89333981951474
"TS19.HT",3019,1645,0,0,"1","0","0","1","1","0","TS19.HT_GAACCAACTACTGG.1",3.5931802868055,0.401603592815947,3.27480196849546,2.37590078428929
"TS19.HT",3461,1534,0,0,"0","2","0","0","0","2","TS19.HT_GAACTGTGTCTCTA.1",0.38006903614419,0.789312077942442,-2.47856828456917,1.05938070985803
"TS19.HT",4619,2040,0,0,"0","2","0","0","0","2","TS19.HT_GAAGTAGAGGGTGA.1",-0.486857395511694,0.393373800697874,-1.301446093417,-1.01515504891969
"TS19.HT",2874,1383,0,0,"0","1","0","1","2","1","TS19.HT_GAAGTCACATGCTG.1",0.358985681194239,-2.19705246549552,1.92509805464064,-2.2341280613015
"TS19.HT",5732,2282,0,0,"0","1","0","1","2","1","TS19.HT_GAATTAACAAGAGT.1",0.755964536327296,-2.13039849859183,1.85842786647955,-1.98172427034645
"TS19.HT",3443,1716,0,0,"0","2","0","0","0","2","TS19.HT_GACAGGGATTCGCC.1",-0.663125496250219,-0.515115247783113,-1.0244493560148,-1.63865478759233
"TS19.HT",2338,1270,0,0,"1","0","0","1","1","0","TS19.HT_GACGATTGAAAGCA.1",3.7179206052007,0.70191432375009,3.00688779928286,0.48817252929808
"TS19.HT",3785,1729,0,0,"0","1","0","0","0","1","TS19.HT_GACGGCACATTTCC.1",-1.63912914310081,-1.60629485708182,-0.700954902784913,-3.57148318078285
"TS19.HT",7695,2614,0,0,"0","2","0","0","0","2","TS19.HT_GACGTATGGAGGTG.1",-2.44215200458152,-1.09426783185904,-1.72926690685734,-0.861261465017449
"TS19.HT",5617,2188,0,0,"0","2","0","0","0","2","TS19.HT_GACTGAACACTACG.1",-2.06116006885154,0.509123696270537,-1.39315596004555,-0.238974266830386
"TS19.HT",2533,1313,0,0,"1","0","0","1","1","0","TS19.HT_GACTGATGCATTGG.1",2.84183217968362,0.354037476959776,1.68678705027979,1.45362286301045
"TS19.HT",8155,2650,0,0,"0","1","0","0","2","1","TS19.HT_GAGCAACTCTACCC.1",-1.66759918246848,-2.18495129209464,-0.194429490244574,-2.6077635835369
"TS19.HT",4990,2376,0,0,"0","2","0","0","0","2","TS19.HT_GAGCAACTGTCACA.1",-0.228202801090307,0.016581548634123,0.295501353558444,-0.293809250909781
"TS19.HT",4426,1878,0,0,"0","3","0","0","0","3","TS19.HT_GAGCAGGACCTTCG.1",-0.999850254398412,2.12532706398065,-2.51905564439949,1.11331279471841
"TS19.HT",3294,1718,0,0,"0","1","0","0","2","1","TS19.HT_GAGCATACCGTACA.1",0.177104730266505,-1.75255178075736,2.80526529595217,-2.05179477369991
"TS19.HT",5120,2158,0,0,"0","1","0","0","2","1","TS19.HT_GAGCGAGAAGCTCA.1",-1.63943527255637,-1.3869507179827,-0.607785273247722,-2.80143734982197
"TS19.HT",4057,1737,0,0,"0","1","0","0","2","1","TS19.HT_GAGCGCTGTCGTAG.1",-0.115231495243139,-2.26006768804495,1.53510041218678,-2.30941959246197
"TS19.HT",2776,1384,0,0,"0","2","0","0","0","2","TS19.HT_GAGGACGAGAATGA.1",-0.0403079799233148,-0.0101986990541705,0.149872517088,-1.06904845193278
"TS19.HT",5642,2234,0,0,"0","3","0","0","0","3","TS19.HT_GAGGGATGGACGAG.1",0.572446841854029,2.55519045728738,-1.92577634816182,2.43300282936329
"TS19.HT",3440,1559,0,0,"1","0","0","1","1","0","TS19.HT_GAGGGCCTTAAGGA.1",1.91022612537759,0.725876106205534,0.602204067983499,3.20120841189574
"TS19.HT",2928,1470,0,0,"0","3","0","0","0","3","TS19.HT_GAGGTTACGTGTTG.1",-0.473446827274389,0.982791705313276,-0.646326602403471,0.983116645036963
"TS19.HT",3987,1594,0,0,"0","3","0","0","0","3","TS19.HT_GAGTCTGACTGAGT.1",0.201138991969996,1.11071713108117,-0.279484949953127,1.2481244875904
"TS19.HT",3168,1493,0,0,"0","2","0","0","0","2","TS19.HT_GAGTGACTGCCAAT.1",-1.76768301044089,0.718579722824644,-0.760387762684234,-0.00669688989671101
"TS19.HT",5637,2328,0,0,"0","1","0","0","2","1","TS19.HT_GATAATACGGTACT.1",-1.93920848880393,-1.54777787786429,-1.34890637792906,-2.7944971690556
"TS19.HT",7159,2506,0,0,"0","0","0","1","1","0","TS19.HT_GATCATCTACCTGA.1",1.7790494152488,-1.59177588087027,1.99968356819756,0.0159732482359107
"TS19.HT",9127,2874,0,0,"0","1","0","1","2","1","TS19.HT_GATCATCTGTGCTA.1",-0.439027290683813,-2.56480620962088,1.1572276318667,-2.46984259031473
"TS19.HT",4916,2136,0,0,"0","1","0","0","2","1","TS19.HT_GATCCGCTTGCTAG.1",-0.78759191547019,-1.84286545377677,-0.0930264734366318,-3.98754283858283
"TS19.HT",5267,2275,0,0,"0","1","0","0","0","1","TS19.HT_GATCGATGGATAAG.1",-2.32347295795066,-1.05774544340079,-2.2467689723518,-1.57988541533788
"TS19.HT",3336,1633,0,0,"0","1","0","1","2","1","TS19.HT_GATCTTACAAAACG.1",-0.208282690387792,-1.08541201215689,1.02852659046776,-1.4524437384327
"TS19.HT",2983,1427,0,0,"1","0","0","1","1","0","TS19.HT_GATCTTACCGTTAG.1",1.83696367229836,1.58681742686326,-0.743269994669204,2.9190485717289
"TS19.HT",4769,2139,0,0,"1","0","0","1","1","0","TS19.HT_GATCTTACTAACGC.1",2.55926396335977,0.105145110073637,2.79417100938511,2.08283534892115
"TS19.HT",3321,1615,0,0,"1","0","0","1","1","0","TS19.HT_GATTCGGAGGAGTG.1",2.38824250187295,-0.288249836978365,2.37540995283662,1.95733095848886
"TS19.HT",4656,2058,0,0,"0","1","0","0","2","1","TS19.HT_GATTTGCTGGTATC.1",-0.40768240008933,-1.4042801724047,-4.6630584218121,-1.10332502777201
"TS19.HT",3471,1726,0,0,"0","1","0","1","2","1","TS19.HT_GCAACCCTGCGATT.1",-0.0860123446999261,-1.52205847364371,1.07758731652527,-4.28675271953739
"TS19.HT",5676,2329,0,0,"0","3","0","0","0","3","TS19.HT_GCAACTGATGGATC.1",0.0604782291831305,1.99687953132684,-0.669254147368109,1.93368630349034
"TS19.HT",2539,1487,0,0,"0","1","0","0","0","1","TS19.HT_GCACAAACAGCGGA.1",-0.933224659305639,0.592482937756132,1.74580344696726,-3.81021640201514
"TS19.HT",7141,2849,0,0,"0","2","0","0","0","2","TS19.HT_GCACAAACTTCGGA.1",-1.9973587802468,-0.217251883563448,-3.51443540334195,-0.409229501657803
"TS19.HT",5163,2149,0,0,"0","1","0","0","2","1","TS19.HT_GCACGTCTTCAGTG.1",-2.1575937083779,-1.40750764470999,-0.725439836600355,-2.05034246723151
"TS19.HT",4583,2096,0,0,"0","1","0","0","2","1","TS19.HT_GCACTAGAAGATCC.1",-1.28187177692039,-1.68720458608573,0.372777567193299,-2.17655947711889
"TS19.HT",4364,1934,0,0,"0","2","0","0","0","2","TS19.HT_GCAGCCGAAGAGTA.1",-2.72701404605491,1.11470855611856,-2.01145218312374,-0.458847641742124
"TS19.HT",5768,2354,0,0,"0","2","0","0","0","2","TS19.HT_GCAGCCGACACTAG.1",-0.905007820468969,-0.15998970132773,-1.98663852900298,-1.44325663505118
"TS19.HT",3998,1952,0,0,"0","1","0","0","2","1","TS19.HT_GCAGGCACATCTCT.1",0.114789266246729,-1.94542454343741,1.69339241007889,-1.67001414857548
"TS19.HT",4623,1761,0,0,"0","2","0","0","0","2","TS19.HT_GCATGATGCTGATG.1",-2.15049074206931,1.25090271818931,-0.818053842333417,0.546935402437158
"TS19.HT",4665,1939,0,0,"0","3","0","0","0","3","TS19.HT_GCCGACGAAGCGGA.1",-0.11617587123496,1.77824686307008,-1.68607450622509,1.4523554229609
"TS19.HT",7354,2514,0,0,"0","1","0","0","0","1","TS19.HT_GCGAGCACTGCAGT.1",-0.468427162509985,-1.1018776760668,0.335721230111758,-1.7473346918019
"TS19.HT",8572,3033,0,0,"0","1","0","1","2","1","TS19.HT_GCGCACGAGCCAAT.1",-0.180413704258032,-2.57172368627493,1.905399906362,-3.01057943369393
"TS19.HT",5109,2072,0,0,"1","0","0","1","1","0","TS19.HT_GCGCATCTGTCATG.1",3.52247477706092,1.0905249102741,2.20539172669339,4.00055217504985
"TS19.HT",4675,2250,0,0,"0","3","0","0","0","3","TS19.HT_GCGGCAACCGTTAG.1",0.41693164791482,1.74566735166604,-0.907360748727545,1.57610593499528
"TS19.HT",4652,1903,0,0,"0","2","0","0","0","2","TS19.HT_GCTAGAACCCTTGC.1",-2.46167848620994,-0.11986850362723,-3.1952266470921,-2.23868916592066
"TS19.HT",5891,2297,0,0,"0","1","0","0","2","1","TS19.HT_GCTCAAGACAGGAG.1",-1.46893499408347,-1.60995935064261,-0.51805100570011,-3.22418648282506
"TS19.HT",2322,1139,0,0,"0","3","0","0","0","3","TS19.HT_GCTTGAGAACGTTG.1",-0.481319408756323,1.94740988153512,-0.999092284199257,1.53424923016273
"TS19.HT",5439,2021,0,0,"1","0","0","1","1","0","TS19.HT_GGAAGGTGTCGCAA.1",3.39808896567243,0.859398318710875,4.71192472887245,1.12860534112163
"TS19.HT",2409,1185,0,0,"1","0","0","1","1","0","TS19.HT_GGAATCTGGTGTCA.1",0.66357471432107,0.136129988613676,1.07653648654037,1.38183815571236
"TS19.HT",3831,1870,0,0,"0","3","0","1","1","3","TS19.HT_GGACAACTTTCTTG.1",1.76565339054482,1.41144022929962,-0.24530000240092,3.49563141595289
"TS19.HT",3438,1520,0,0,"0","3","0","0","0","3","TS19.HT_GGACCGTGGCGGAA.1",-0.629521828037328,1.18128491777475,-0.24316344379717,0.934070560622105
"TS19.HT",4640,1943,0,0,"1","0","0","1","1","0","TS19.HT_GGACCTCTTTTGTC.1",0.587745923656397,0.318311108532499,-0.535950985034896,2.21861576769794
"TS19.HT",4485,1906,0,0,"1","0","0","1","1","0","TS19.HT_GGACGCTGGCTAAC.1",1.32732560123818,-1.79184030157034,2.6099709219634,-0.0211456453997674
"TS19.HT",4714,1900,0,0,"0","1","0","0","0","1","TS19.HT_GGAGCAGAGTACCA.1",-0.882383327823705,-0.451417909678865,-1.06108476652833,-1.29021868559986
"TS19.HT",4079,1796,0,0,"0","3","0","0","0","3","TS19.HT_GGAGGCCTCGACAT.1",-1.25357482944114,2.23245288271005,-1.76214072318537,0.957876521842366
"TS19.HT",2924,1449,0,0,"1","0","0","1","1","0","TS19.HT_GGATTGTGCTACTT.1",3.33458121504205,0.66118128437097,2.37941960128102,2.96429434096751
"TS19.HT",3110,1505,0,0,"0","3","0","0","0","3","TS19.HT_GGATTTCTTTGACG.1",-0.149140577655859,0.836591376247954,-0.147617569352714,-0.743876690404344
"TS19.HT",2608,1278,0,0,"1","0","0","1","1","0","TS19.HT_GGCACTCTAGCCTA.1",2.87202550854104,-0.0112690792650469,1.52265581607675,2.08762263762839
"TS19.HT",6058,2280,0,0,"0","1","0","0","0","1","TS19.HT_GGCCAGACTTGACG.1",-0.539484482151098,-0.247385369357515,-2.09319361978248,-2.68746797586796
"TS19.HT",4170,1739,0,0,"0","3","0","0","0","3","TS19.HT_GGCGCATGTTCCGC.1",-0.148812513691015,1.55761267084176,-0.660492161819647,1.8571006309972
"TS19.HT",2337,1199,0,0,"0","3","0","0","0","3","TS19.HT_GGGAACGACTCATT.1",-1.42713544879539,2.35682381528909,-1.57426997180731,1.34106554694884
"TS19.HT",4331,1868,0,0,"0","3","0","0","0","3","TS19.HT_GGGACCACTGGGAG.1",-0.676142196994848,0.795770777645659,-0.871459789072675,0.332867327337698
"TS19.HT",3409,1622,0,0,"0","2","0","0","0","2","TS19.HT_GGTACTGATGGATC.1",-1.2457661441384,0.475644065323424,-0.818344887321024,-0.329154681208904
"TS19.HT",4813,2002,0,0,"0","3","0","0","0","3","TS19.HT_GTACAGTGGGCGAA.1",0.225808877605372,2.0818814172178,-2.3929806822555,2.03190316836779
"TS19.HT",3458,1631,0,0,"0","2","0","0","0","2","TS19.HT_GTACCCTGTCTTCA.1",-1.34555957828147,-0.439496861514498,-1.18218400664019,-0.73753449276302
"TS19.HT",3065,1453,0,0,"1","0","0","1","1","0","TS19.HT_GTAGACTGGTATGC.1",1.18687321628945,1.17771676022108,0.344431122676303,4.01229177713012
"TS19.HT",4046,1793,0,0,"0","2","0","0","0","2","TS19.HT_GTAGCTGATGACCA.1",-2.18066547427756,0.311674369755339,-1.55279156343752,-0.0860236213679057
"TS19.HT",3992,1942,0,0,"1","0","0","1","1","0","TS19.HT_GTATGGTGATCAGC.1",1.46055652584451,0.60920055049951,-0.0284165557817212,2.45894518377582
"TS19.HT",3225,1576,0,0,"0","1","0","1","2","1","TS19.HT_GTCCAGCTCCACAA.1",0.291737098354273,-2.04586218458121,2.27563502443313,-2.48801776710391
"TS19.HT",3323,1565,0,0,"1","0","0","1","1","0","TS19.HT_GTGACAACCCGTAA.1",2.18267216171639,0.524069024506163,3.68270606438175,2.10554046119035
"TS19.HT",2580,1079,0,0,"1","0","0","1","1","0","TS19.HT_GTGACCCTACCTGA.1",1.27103449787515,-0.493183957156587,1.54650137167698,1.13110509390579
"TS19.HT",4438,1937,0,0,"0","1","0","0","0","1","TS19.HT_GTGACCCTCATTGG.1",-0.829995136600561,-0.723641620692659,-0.33791930058665,-1.36648107299462
"TS19.HT",7287,2517,0,0,"1","0","0","1","1","0","TS19.HT_GTGACCCTCCGATA.1",1.71288563694375,-2.01658772092764,2.65314583036401,-0.431809715085153
"TS19.HT",6907,2884,0,0,"1","0","0","1","1","0","TS19.HT_GTGCCACTGACAGG.1",0.890230912822657,-2.33302019697135,2.79223838473941,-2.92678488948135
"TS19.HT",7090,2629,0,0,"1","0","0","1","1","0","TS19.HT_GTGGATTGACTGTG.1",1.93112339462655,0.130701793613981,3.73202059655058,1.38210674373994
"TS19.HT",5579,2091,0,0,"1","0","0","1","1","0","TS19.HT_GTGTCAGACCTGTC.1",2.78630353893655,-0.301839576777864,2.6464110753087,2.39602924447797
"TS19.HT",6729,2358,0,0,"0","1","0","0","2","1","TS19.HT_GTTAGGTGCAAGCT.1",-1.12314508472068,-2.31563900571768,0.710681075758426,-2.82778080384531
"TS19.HT",2907,1425,0,0,"1","0","0","1","1","0","TS19.HT_GTTCAACTCACTGA.1",2.49361969913857,-0.487638698634554,2.78251859682816,2.55459615423734
"TS19.HT",6290,2588,0,0,"0","1","0","0","2","1","TS19.HT_TAAACAACCAGCTA.1",-1.41722343478782,-2.06772588354056,-0.269965554864699,-3.04798783900288
"TS19.HT",5545,2069,0,0,"0","3","0","0","0","3","TS19.HT_TAAAGACTGTCGTA.1",-0.0259332469521234,1.39042825836236,-1.15307891711452,1.46284099728956
"TS19.HT",5590,2193,0,0,"0","1","0","0","0","1","TS19.HT_TAACACCTACCCAA.1",-2.30156753573997,-0.783056245860506,-1.67977408156519,-1.14957243306985
"TS19.HT",4570,1918,0,0,"1","0","0","1","1","0","TS19.HT_TAAGATTGGGGCAA.1",1.74036302055734,0.796620859089445,0.729564276033395,2.67583253341976
"TS19.HT",3411,1493,0,0,"0","3","0","0","0","3","TS19.HT_TACATAGACTTCGC.1",-1.20375059161765,0.639879538002562,-0.707830071033491,-0.018082857564195
"TS19.HT",3698,1690,0,0,"0","2","0","0","0","2","TS19.HT_TACATAGAGGACAG.1",-2.80218742404563,-0.545906053599764,-2.85437036996202,-1.00422776972193
"TS19.HT",5033,2147,0,0,"0","1","0","0","0","1","TS19.HT_TACATCACCGAATC.1",-1.46550081287009,-0.702358947810579,-2.59064648798635,-0.323094080237593
"TS19.HT",4287,1897,0,0,"1","0","0","1","1","0","TS19.HT_TACGGAACAAGTGA.1",1.03776266064065,-0.55547903638785,3.42484545975827,-0.346618687652205
"TS19.HT",4348,1958,0,0,"0","2","0","0","0","2","TS19.HT_TACGTACTTAGACC.1",-0.857871513706274,-0.216987477359224,-1.97081239186065,-1.70640077408673
"TS19.HT",3468,1570,0,0,"0","3","0","0","0","3","TS19.HT_TAGAAACTAGCTAC.1",-1.27874849353415,1.81163950103815,-1.10726733500375,0.495515543177416
"TS19.HT",5084,2001,0,0,"0","1","0","0","2","1","TS19.HT_TAGCATCTCGGAGA.1",0.0183553883017828,-2.4396428928942,1.52388799615196,-2.17208005640169
"TS19.HT",4679,2050,0,0,"1","0","0","1","1","0","TS19.HT_TAGGAGCTAACCAC.1",1.72278263058084,-0.917731033381868,1.7677150347048,0.740678818164722
"TS19.HT",6005,2166,0,0,"1","0","0","1","1","0","TS19.HT_TAGGCTGACTAGTG.1",2.21419085945504,-0.402309881267,2.44187512624356,1.85973549451652
"TS19.HT",2935,1419,0,0,"0","2","0","0","0","2","TS19.HT_TAGGGACTTTAGGC.1",-0.845956306797094,0.855233980598997,-0.358900894379682,-0.191045160344281
"TS19.HT",3397,1616,0,0,"1","0","0","1","1","0","TS19.HT_TAGTCACTTTCTCA.1",2.9878637978019,-0.221843229350496,3.77559734618417,2.23092669384518
"TS19.HT",3074,1467,0,0,"0","2","0","0","0","2","TS19.HT_TATACGCTGAACTC.1",-2.27935216937644,-0.1673484907717,-2.54580961488356,-0.907049920098896
"TS19.HT",2309,1074,0,0,"1","0","0","1","1","0","TS19.HT_TATGGGTGCTATGG.1",1.32654501881021,-0.20712481599753,1.60865791660399,1.27237110057165
"TS19.HT",3267,1565,0,0,"0","2","0","0","0","2","TS19.HT_TCAATAGAGCTGAT.1",-1.09348152194602,0.748678339901518,-1.08202186291792,-0.303949803721225
"TS19.HT",5619,2132,0,0,"1","0","0","1","1","0","TS19.HT_TCACATACGCGAGA.1",1.59636189426797,-1.40559981924002,2.02350960037836,0.0666010844794049
"TS19.HT",5502,2240,0,0,"0","1","0","0","2","1","TS19.HT_TCACCCGAGTTGAC.1",-1.43909309421164,-1.05727552038138,-0.303862540440119,-1.61996950876622
"TS19.HT",5079,2026,0,0,"1","0","0","1","1","0","TS19.HT_TCAGCGCTCTCTTA.1",3.2230103501262,0.483136667194914,1.10536917004338,2.88645212702409
"TS19.HT",5320,2089,0,0,"0","2","0","0","0","2","TS19.HT_TCAGTACTGCCAAT.1",-1.7926845363198,1.37963586139972,-0.849800665593015,-0.0475680231672721
"TS19.HT",3498,1760,0,0,"0","1","0","0","0","1","TS19.HT_TCATCAACTACGAC.1",-0.603264789920873,-1.77190540891593,0.0401069619341037,-3.96163470211907
"TS19.HT",5128,2247,0,0,"0","1","0","0","2","1","TS19.HT_TCATCATGAACGAA.1",-2.04242466006858,-2.02318142515128,-0.199332656275722,-3.04849547647592
"TS19.HT",2544,1291,0,0,"0","4","0","0","0","4","TS19.HT_TCCACTCTTTCGTT.1",-0.944166164737768,-0.355069624003816,-1.81894703383711,-2.39375514573945
"TS19.HT",5270,2098,0,0,"0","2","0","0","0","2","TS19.HT_TCCGAAGAACGTAC.1",-1.18067358050925,-1.01795910459464,-1.58442050318758,-2.02297455610542
"TS19.HT",5029,2016,0,0,"1","0","0","1","1","0","TS19.HT_TCCGAGCTGCTCCT.1",1.2286789604606,1.52006079095895,-0.0466732626034758,3.56885649278052
"TS19.HT",5386,2224,0,0,"1","0","0","1","1","0","TS19.HT_TCCTAAACGTACAC.1",1.14573933567422,-1.85601066213553,2.07361785460077,-0.65254422813302
"TS19.HT",7227,2404,0,0,"1","0","0","1","1","0","TS19.HT_TCCTACCTTCATTC.1",1.82774760212319,-1.29873417478507,2.50854844825589,0.0477194096926503
"TS19.HT",2532,1347,0,0,"1","0","0","1","1","0","TS19.HT_TCGAGAACTCGCAA.1",2.18554522480386,0.480981482449125,3.61257649041874,1.53099038760957
"TS19.HT",6185,2387,0,0,"1","0","0","1","1","0","TS19.HT_TCGTGAGACTGAAC.1",1.37951852764504,-1.28145669561331,2.5113801469785,-0.605825906067103
"TS19.HT",5099,2053,0,0,"0","1","0","0","0","1","TS19.HT_TCTACAACCATGAC.1",-1.58913896594626,-0.64457963567679,-1.50238339881077,-1.28160035394686
"TS19.HT",3021,1324,0,0,"0","2","0","0","0","2","TS19.HT_TCTAGACTCCTTCG.1",-1.61042402301414,0.934251113119673,-0.655285901833184,0.181851680773832
"TS19.HT",4629,1923,0,0,"0","3","0","0","0","3","TS19.HT_TCTAGTTGCTTGCC.1",0.330152053493433,2.23510105747278,-0.663287069287116,1.31239746085213
"TS19.HT",6119,2422,0,0,"0","1","0","1","2","1","TS19.HT_TCTATGTGTTAGGC.1",0.805335302013331,-1.56634210210745,3.91219520647787,0.484796857721578
"TS19.HT",5581,2370,0,0,"1","0","0","1","1","0","TS19.HT_TCTCCACTGTCACA.1",0.375136632579737,-1.87268518072074,1.32070714358869,-3.45907584458272
"TS19.HT",2861,1362,0,0,"0","3","0","0","0","3","TS19.HT_TCTCCACTTCCGTC.1",-0.612724762302465,1.39996810841854,-0.382719067299117,0.711285466548352
"TS19.HT",3822,1623,0,0,"1","0","0","1","1","0","TS19.HT_TGAAATTGTTCATC.1",0.907894153255396,0.675148858013701,3.88788050997682,-0.60513930052267
"TS19.HT",4935,2016,0,0,"0","1","0","0","2","1","TS19.HT_TGACACGATAGTCG.1",-1.90434883151633,-1.90749453168814,-0.709495860512709,-2.75466726064642
"TS19.HT",3900,1865,0,0,"1","0","0","1","1","0","TS19.HT_TGACGAACCCTTAT.1",1.30801059688943,-1.83697818380301,2.72206214676746,-1.04079171352732
"TS19.HT",6762,2344,0,0,"0","2","0","0","0","2","TS19.HT_TGACGAACGAGGCA.1",-2.95754955325706,-0.122508631762911,-2.08238573513812,-0.739617141674047
"TS19.HT",3859,1728,0,0,"1","0","0","1","1","0","TS19.HT_TGAGTGACTCTGGA.1",1.19161416973489,-0.0603862867922076,1.25985856162495,0.830929162717148
"TS19.HT",2379,1252,0,0,"0","3","0","0","0","3","TS19.HT_TGATATGATCGATG.1",-1.13897274051291,1.04287613767679,-0.401419899634295,-0.14678661496606
"TS19.HT",4823,2054,0,0,"0","1","0","0","2","1","TS19.HT_TGATCGGATAGCGT.1",-1.66423271213157,-1.04751013379996,-1.18704284674161,-1.57072301114418
"TS19.HT",7005,2322,0,0,"0","0","0","1","2","0","TS19.HT_TGATTAGAGATACC.1",1.58721091236489,-1.77923153501456,1.99229931724639,-0.1602206030823
"TS19.HT",3976,1786,0,0,"0","1","0","0","2","1","TS19.HT_TGATTCACTGCTCC.1",-0.184046726566381,-1.91586230855887,1.80859782208188,-2.83805262461854
"TS19.HT",5552,2106,0,0,"0","2","0","0","0","2","TS19.HT_TGCAATCTCAAAGA.1",-0.386931877475805,0.401132179680418,-0.301900617476338,-0.571542299081605
"TS19.HT",4224,1837,0,0,"1","0","0","1","1","0","TS19.HT_TGCTGAGATCTTTG.1",1.69862915958779,-1.5943789349169,1.92103649368494,-0.0551464491826208
"TS19.HT",7127,2595,0,0,"0","1","0","0","2","1","TS19.HT_TGCTTAACCGAGTT.1",-1.01859853778464,-2.51061509710257,0.720877015068901,-2.99466316826119
"TS19.HT",5804,2313,0,0,"0","0","0","1","1","0","TS19.HT_TGGACTGAAGCACT.1",0.818032521861964,-1.17125319105094,-1.93514849316025,-3.86297734261399
"TS19.HT",2427,1402,0,0,"1","0","0","1","1","0","TS19.HT_TGGAGACTACCATG.1",2.51294948543923,0.21486688989694,1.88764851421187,2.49650841326646
"TS19.HT",6784,2443,0,0,"0","1","0","1","2","1","TS19.HT_TGGATCGAGCGTTA.1",0.895873803752833,-1.83573745351737,1.50845799140875,-1.11293679750194
"TS19.HT",2323,1222,0,0,"1","0","0","1","1","0","TS19.HT_TGGATCGATATGGC.1",2.75891824449914,-0.253229247149874,3.39871110988083,3.24050819398153
"TS19.HT",2430,1276,0,0,"0","2","0","0","0","2","TS19.HT_TGGATGTGTGCTGA.1",-1.71050260577781,1.71582616704996,-1.49565065162303,0.334051507663289
"TS19.HT",6858,2522,0,0,"1","0","0","1","1","0","TS19.HT_TGGATTCTGCTGAT.1",2.66406239952462,0.445584012451719,2.7233132739838,2.09331296958267
"TS19.HT",2697,1279,0,0,"1","0","0","1","1","0","TS19.HT_TGGTACGATTCTTG.1",2.0456886478843,0.221264852467131,1.97955573480235,1.75437404550613
"TS19.HT",4952,1693,0,0,"0","0","0","1","1","0","TS19.HT_TGGTAGACCCAATG.1",0.712313670772486,-1.00434731107657,1.35429825508112,-0.459951343184102
"TS19.HT",5511,2019,0,0,"1","0","0","1","1","0","TS19.HT_TGGTTACTCTTTAC.1",2.05756546940225,-1.70135878187125,2.22238912640451,0.190971433879914
"TS19.HT",4230,1746,0,0,"0","3","0","1","1","3","TS19.HT_TGTCAGGATCCGTC.1",0.909009475368433,2.55974949735696,-2.76724559222957,2.55899826462707
"TS19.HT",3860,1801,0,0,"0","1","0","0","0","1","TS19.HT_TGTCTAACCTGTCC.1",-0.836606006961889,-0.504053698596407,-2.77855299678251,-2.60166252474842
"TS19.HT",5477,2025,0,0,"0","3","0","0","0","3","TS19.HT_TGTGAGACGGTGTT.1",-1.37189863238914,0.983099771919798,-0.492054121049369,-0.240936515436783
"TS19.HT",2892,1362,0,0,"1","0","0","1","1","0","TS19.HT_TGTGATCTATCTCT.1",1.73495687927621,1.06281180519159,0.708472070937208,1.88585016956364
"TS19.HT",2453,1253,0,0,"0","1","0","0","0","1","TS19.HT_TGTTAAGAGCTGAT.1",-0.931905727726049,0.297205699863981,0.663445784674628,-1.08213656434406
"TS19.HT",5774,2357,0,0,"0","1","0","1","2","1","TS19.HT_TGTTACTGGGTTCA.1",0.430495757717066,-2.10278485876029,1.47460191696275,-3.12613341221294
"TS19.HT",3942,1783,0,0,"1","0","0","1","1","0","TS19.HT_TTAGCTACTAGACC.1",2.37062360729592,-0.0168454514116534,3.08006321879391,1.62779444548775
"TS19.HT",3792,1696,0,0,"0","3","0","0","0","3","TS19.HT_TTATGCACATCGGT.1",-0.498391609531469,1.65879721778924,-0.075530151581052,0.220350922322659
"TS19.HT",2694,1142,0,0,"0","3","0","1","1","3","TS19.HT_TTATTCCTCCTTTA.1",0.792089719432764,2.41365040678079,-1.99146181763255,3.23711326582571
"TS19.HT",7189,2499,0,0,"0","1","0","0","0","1","TS19.HT_TTATTCCTCGAACT.1",-0.996681194644994,-1.13710259061759,-0.501880501300365,-1.35312178297108
"TS19.HT",2923,1345,0,0,"0","1","0","0","2","1","TS19.HT_TTCACCCTCTTATC.1",-0.757163029056616,-0.688939319667269,-1.17317729838064,-1.78432437323948
"TS19.HT",5738,2236,0,0,"1","0","0","1","1","0","TS19.HT_TTCAGACTGTTCGA.1",2.6291944571914,0.329585803928923,2.31555428012918,2.28224660357181
"TS19.HT",2785,1260,0,0,"1","0","0","1","1","0","TS19.HT_TTCATGTGCGAGTT.1",1.47745229687112,-0.96616338354056,1.70303359917015,0.208844085709721
"TS19.HT",5889,2163,0,0,"0","2","0","0","0","2","TS19.HT_TTCTCAGACGACAT.1",-0.459602814060278,0.967120839539122,-0.84709022480331,0.959145487984153
"TS19.HT",4438,1829,0,0,"1","0","0","1","1","0","TS19.HT_TTGAACCTACCTCC.1",1.53504421200173,-1.61095331769888,1.82720868970499,0.0674689455907095
"TS19.HT",4764,2072,0,0,"1","0","0","1","1","0","TS19.HT_TTGACACTTGTGAC.1",3.03078730787652,0.893306358042311,3.43996932662245,0.37763621006037
"TS19.HT",3273,1507,0,0,"1","0","0","1","1","0","TS19.HT_TTGTCATGTGCACA.1",1.381976384777,1.26136695060427,-0.30457615194295,4.00120319375942
"TS19.HT",5685,2208,0,0,"0","2","0","0","0","2","TS19.HT_TTTAGCTGTCCAAG.1",-1.7097177318154,0.00856913465554632,-2.98773764100522,-0.151326425850655
"TS19.HT",5044,2206,0,0,"0","1","0","0","2","1","TS19.HT_TTTAGGCTAGCGTT.1",-1.52879331622703,-1.7766949997515,-0.271470892164175,-2.43712209254882
"TS19.HT",2671,1391,0,0,"0","3","0","0","0","3","TS19.HT_TTTGACTGCTGATG.1",-1.10228536639792,2.20378179687555,-1.78859841252721,1.26694684523393
